{
  "апрѣль": "апрель",
  "бѣженецъ": "беженец",
  "убѣжище": "убежище",
  "бежевый": "бежѣвый",
  "бѣда": "беда",
  "бѣдный": "бедный",
  "побѣда": "победа",
  "убѣдить": "убедить",
  "ябеда": "ябѣда",
  "бѣлый": "белый ",
  "бѣлка": "белка",
  "грѣшникъ": "грешник",
  "внѣдрять": "внедрять",
  "нѣмецъ": "немец",
  "орѣшникъ": "орешник",
  "печенѣгъ": "печенег",
  "лѣпить": "лепить ",
  "нелѣпо": "нелепо",
  "слѣпой": "слепой",
  "рѣсница": "ресница",
  "изобрѣтать": "изобретать",
  "обрѣсти": "обрести",
  "звѣзды": "звезды",
  "звѣрь": "зверь",
  "зѣвать": "зевать"
}
